{
  "extension": {
    "title": "MediaModule",
    "url": "http://christianflach.de/MediaModule",
    "icon": "https://raw.githubusercontent.com/cmfcmf/MediaModule/master/Resources/public/images/admin.png"
  },
  "version": {
    "keywords": [
      "module",
      "media",
      "image"
    ],
    "semver": "1.2.2",
    "dependencies": {
      "zikula/core": ">=1.4.3 <1.5"
    },
    "composerpath": "composer.json",
    "description": "A Zikula 1.4.3+ module to handle all sorts of media.",
    "urls": {
      "issues": "https://github.com/cmfcmf/MediaModule/issues"
    }
  }
}
